Note,Topic
Travel and Tourism Site for Vermont ,Travel and Tourism
Travel and Tourism Site for Vermont ,and Tourism Site
Travel and Tourism Site for Vermont ,Tourism Site for
"2-1-1 VIRGINIA is a service of the Virginia Department of Social Services provided in partnership with the Council of Community Services, the Family Resource and Referral Center, The Planning Council, the United Way of Central Virginia, and the United Way of Greater Richmond and Petersburg. ",Virginia Department of
"2-1-1 VIRGINIA is a service of the Virginia Department of Social Services provided in partnership with the Council of Community Services, the Family Resource and Referral Center, The Planning Council, the United Way of Central Virginia, and the United Way of Greater Richmond and Petersburg. ",Virginia Department of
Alabama Department of Public Health ,Department of Public
Travel and Tourism Site for Alabama ,Travel and Tourism
Travel and Tourism Site for Alabama ,and Tourism Site
Travel and Tourism Site for Alabama ,Tourism Site for
Alabama State Board of Medical Examiners (an administrative and regulatory agency of the state of Alabama) and the Medical Licensure Commission of Alabama ,State Board of
Alabama State Department of Education ,Department of Education
Travel and Tourism Site for American Samoa ,Travel and Tourism
Travel and Tourism Site for American Samoa ,and Tourism Site
Travel and Tourism Site for American Samoa ,Tourism Site for
Travel and Tourism Site for Arizona ,Travel and Tourism
Travel and Tourism Site for Arizona ,and Tourism Site
Travel and Tourism Site for Arizona ,Tourism Site for
Travel and Tourism Site for Arkansas ,Travel and Tourism
Travel and Tourism Site for Arkansas ,and Tourism Site
Travel and Tourism Site for Arkansas ,Tourism Site for
Arkansas Department of Education ,Department of Education
Arkansas State Board of Optometry ,State Board of
Arkansas State Board of Physical Therapy ,State Board of
Arkansas State Board of Collection Agencies ,State Board of
New York State Public Service Commission‚Äôs Consumer Web Site ,New York State
Arizona State Board of Dental Examiners ,State Board of
"USS North Carolina Battleship, North Carolina Department of Cultural Resources ",North Carolina Department
"USS North Carolina Battleship, North Carolina Department of Cultural Resources ",Carolina Department of
"Caswell Developmental Center, NC Division of State Operated Healthcare Facilities ",NC Division of
"California Environmental Health Tracking Program, California Department of Public Health ",Department of Public
Travel and Tourism Site for Colorado ,Travel and Tourism
Travel and Tourism Site for Colorado ,and Tourism Site
Travel and Tourism Site for Colorado ,Tourism Site for
"Correction Enterprises, North Carolina Department of Public Safety ",North Carolina Department
"Correction Enterprises, North Carolina Department of Public Safety ",Carolina Department of
"Correction Enterprises, North Carolina Department of Public Safety ",Department of Public
Travel and Tourism Site for Connecticut ,Travel and Tourism
Travel and Tourism Site for Connecticut ,and Tourism Site
Travel and Tourism Site for Connecticut ,Tourism Site for
"Division of Employment Security (DES), NC Department of Commerce (NCC) ",NC Department of
Travel and Tourism Site for Ohio ,Travel and Tourism
Travel and Tourism Site for Ohio ,and Tourism Site
Travel and Tourism Site for Ohio ,Tourism Site for
Travel and Tourism Site for South Carolina ,Travel and Tourism
Travel and Tourism Site for South Carolina ,and Tourism Site
Travel and Tourism Site for South Carolina ,Tourism Site for
Virginia Department of Motor Vehicles ,Virginia Department of
American Samoa Department of Education ,Department of Education
"Driving95 Corridor Planning and Finance Study website, North Carolina Department of Transportation (NCDOT) ",North Carolina Department
"Driving95 Corridor Planning and Finance Study website, North Carolina Department of Transportation (NCDOT) ",Carolina Department of
Virginia Office of the State Long-Term Care Ombudsman ,Office of the
Travel and Tourism Site for Georgia ,Travel and Tourism
Travel and Tourism Site for Georgia ,and Tourism Site
Travel and Tourism Site for Georgia ,Tourism Site for
"The Florida Commission on the Status of Women - The Florida Commission on the Status of Women is a nonpartisan board, statutorily created in 1991, consisting of 22 appointed members. The Commission is administratively housed in the Office of the Attorney General. ",Office of the
Florida Department of Education ,Department of Education
Florida Department of Agriculture and Consumer Services ,Department of Agriculture
State of Georgia Department of Education ,Department of Education
"Hawaii Tourism Authority, Travel and Tourism Site for Hawaii ",Travel and Tourism
"Hawaii Tourism Authority, Travel and Tourism Site for Hawaii ",and Tourism Site
"Hawaii Tourism Authority, Travel and Tourism Site for Hawaii ",Tourism Site for
"Got to Be NC Agriculture, Goodness Grows in NC, North Carolina Department of Agriculture & Consumer Services ",North Carolina Department
"Got to Be NC Agriculture, Goodness Grows in NC, North Carolina Department of Agriculture & Consumer Services ",Carolina Department of
"Got to Be NC Agriculture, Goodness Grows in NC, North Carolina Department of Agriculture & Consumer Services ",Department of Agriculture
"Got To Be NC Festival, a production of the NC Department of Agriculture ",NC Department of
"Got To Be NC Festival, a production of the NC Department of Agriculture ",Department of Agriculture
"Office of the Governor and Lt. Governor, Commonwealth of the Northern Mariana Islands plus *.gov.mp pattern for other government websites ",Office of the
"*.gov.pr pattern for several Puerto Rican government agencies, such as https://www.google.com/#q=site:gov.pr  ","agencies, such as"
Hawaii State Department of Education ,Department of Education
Office of the Illinois State Treasurer ,Office of the
Travel and Tourism Site for New York ,Travel and Tourism
Travel and Tourism Site for New York ,and Tourism Site
Travel and Tourism Site for New York ,Tourism Site for
"The North Carolina Division of Public Health, Injury and Violence Prevention Branch, Youth Suicide Prevention Program works in collaboration with The North Carolina Youth Suicide Prevention Task Force to address youth suicide prevention in North Carolina. ",The North Carolina
"The North Carolina Division of Public Health, Injury and Violence Prevention Branch, Youth Suicide Prevention Program works in collaboration with The North Carolina Youth Suicide Prevention Task Force to address youth suicide prevention in North Carolina. ",The North Carolina
Travel and Tourism Site for Kentucky ,Travel and Tourism
Travel and Tourism Site for Kentucky ,and Tourism Site
Travel and Tourism Site for Kentucky ,Tourism Site for
Kansas State Board of Healing Arts ,State Board of
Kansas State Board of Nursing ,State Board of
"Office of the Secretary of State, State of Kansas ",Office of the
Kentucky Department of Agriculture ,Department of Agriculture
LA Board of Examiners of Nursing Facility Administrators ,Board of Examiners
Louisiana State Board of Social Work Examiners ,State Board of
 Louisiana State Board of Chiropractic Examiners ,State Board of
Louisiana Board of Examiners of Certified Shorthand Reporters ,Board of Examiners
"Louisiana Egg Commission, Louisiana Department of Agriculture & Forestry  ",Department of Agriculture
Louisiana State Board of Architectural Examiners ,State Board of
Louisiana Board of Examiners in Dietetics and Nutrition  ,Board of Examiners
"South Carolina Department of Labor, Licensing and Regulation ",Carolina Department of
Travel and Tourism Site for Louisiana ,Travel and Tourism
Travel and Tourism Site for Louisiana ,and Tourism Site
Travel and Tourism Site for Louisiana ,Tourism Site for
Licensed Professional Counselors Board of Examiners ,Board of Examiners
LLPVRC Board of Examiners ,Board of Examiners
Louisiana State Board of Examiners of Psychologists   ,State Board of
Louisiana State Board of Examiners of Psychologists   ,Board of Examiners
Louisiana State Board of Examiners for Sanitarians ,State Board of
Louisiana State Board of Examiners for Sanitarians ,Board of Examiners
Louisiana State Board of Examiners of Interior Designers ,State Board of
Louisiana State Board of Examiners of Interior Designers ,Board of Examiners
Louisiana State Board of Private Investigator Examiners ,State Board of
Travel and Tourism Site for Massachusetts ,Travel and Tourism
Travel and Tourism Site for Massachusetts ,and Tourism Site
Travel and Tourism Site for Massachusetts ,Tourism Site for
"Maryland Kids Page, Office of the Secretary of State ",Office of the
"Montana Guaranteed Student Loan Program (MGSLP), a program within the Office of the Commissioner of Higher Education ",Office of the
Travel and Tourism Site for Michigan ,Travel and Tourism
Travel and Tourism Site for Michigan ,and Tourism Site
Travel and Tourism Site for Michigan ,Tourism Site for
Mississippi State Board of Contractors ,State Board of
Florida Office of the Attorney General ,Office of the
Travel and Tourism Site for the Northern Mariana Islands ,Travel and Tourism
Travel and Tourism Site for the Northern Mariana Islands ,and Tourism Site
Travel and Tourism Site for the Northern Mariana Islands ,Tourism Site for
"Multi-Hazard Threat Database, Emergency Programs Division, North Carolina Department of Agriculture and Consumer Services ",North Carolina Department
"Multi-Hazard Threat Database, Emergency Programs Division, North Carolina Department of Agriculture and Consumer Services ",Carolina Department of
"Multi-Hazard Threat Database, Emergency Programs Division, North Carolina Department of Agriculture and Consumer Services ",Department of Agriculture
The North Carolina Auctioneers board ,The North Carolina
NC Office of the State Auditor ,Office of the
NC Board of Athletic Trainers Examiners ,NC Board of
NC Board of Examiners of electrical contractors ,NC Board of
NC Board of Examiners of electrical contractors ,Board of Examiners
NC Board of Examiners for engineers and surveyors ,NC Board of
NC Board of Examiners for engineers and surveyors ,Board of Examiners
NC Board of Nursing Homes Administrators ,NC Board of
NC Board of Funeral Services ,NC Board of
NC Board of Law Examiners ,NC Board of
The North Carolina Board for the Licensing of Geologists  ,The North Carolina
The North Carolina Board of Licensed Professional Counselors ,The North Carolina
The North Carolina Soil Scientist Licensing Program ,The North Carolina
NC Board of Examiners for Speech Language and Pathologist & Audiologist n  ,NC Board of
NC Board of Examiners for Speech Language and Pathologist & Audiologist n  ,Board of Examiners
Welcome to the NC Board of Landscape Architects ,NC Board of
NC Board of Nursing ,NC Board of
NC Board of Pharmacy ,NC Board of
The North Carolina Board of Occupational Therapy ,The North Carolina
"Rail Division, North Carolina Department of Transportation ",North Carolina Department
"Rail Division, North Carolina Department of Transportation ",Carolina Department of
"The North Carolina Center for Global Logistics is a collaborative effort between community colleges, universities, and industry partners focused on developing a highly trained workforce for the logistics and supply chain industry. ",The North Carolina
"North Carolina Civil War Sesquicentennial, North Carolina Department of Cultural Resources ",North Carolina Department
"North Carolina Civil War Sesquicentennial, North Carolina Department of Cultural Resources ",Carolina Department of
NC Division of Coastal Management ,NC Division of
North Carolina Office of the Commissioner of Banks (NCCOB) ,Office of the
North Carolina Department of Commerce ,North Carolina Department
North Carolina Department of Commerce ,Carolina Department of
North Carolina State Board of Dental Examiners ,State Board of
" Juvenile Justice section of the N.C. Department of Public Safety, Division of Adult Correction and Juvenile Justice.  ",Department of Public
NC Division of Non Public Education ,NC Division of
North Carolina Department of Insurance ,North Carolina Department
North Carolina Department of Insurance ,Carolina Department of
The North Carolina Office of EMS ,The North Carolina
The North Carolina Forest Service operates a system of six Educational State Forests (ESFs) designed to teach the public - especially school children - about the forest environment. ,The North Carolina
"NC Farm to School program, North Carolina Department of Agriculture and Consumer Services ",North Carolina Department
"NC Farm to School program, North Carolina Department of Agriculture and Consumer Services ",Carolina Department of
"NC Farm to School program, North Carolina Department of Agriculture and Consumer Services ",Department of Agriculture
"Governor's School of North Carolina, NC Department of Public Instruction ",NC Department of
"Governor's School of North Carolina, NC Department of Public Instruction ",Department of Public
The North Carolina Global TransPark ,The North Carolina
The North Carolina Interpreters & Transliterators Licensing Board ,The North Carolina
"North Carolina State Board of Examiners of Plumbing, Heating and Fire Sprinkler Contractors ",State Board of
"North Carolina State Board of Examiners of Plumbing, Heating and Fire Sprinkler Contractors ",Board of Examiners
The North Carolina Locksmith Licensing Board ,The North Carolina
"North Carolina Highway Historical Marker Program, NC Department of Cultural Resources ",NC Department of
NC Division of Medical Assistance ,NC Division of
The North Carolina Natural Heritage Program ,The North Carolina
he North Carolina State Board of Examiners in Optometry ,State Board of
he North Carolina State Board of Examiners in Optometry ,Board of Examiners
"NC Physical Activity and Nutrition Branch (NC PAN), NC Department of Public Health See historical snapshot at: http://web.archive.org/web/20130128034822/http://www.ncpanbranch.com/  ",NC Department of
"NC Physical Activity and Nutrition Branch (NC PAN), NC Department of Public Health See historical snapshot at: http://web.archive.org/web/20130128034822/http://www.ncpanbranch.com/  ",Department of Public
The North Carolina Board of Physical Therapy Examiners ,The North Carolina
"Radiation Protection Section, NC Department of Health and Human Services ",NC Department of
NC State Board of Environmental Health Specialist Examiners ,State Board of
"North Carolina Sickle Cell Syndrome Program, NC Department of Public Health ",NC Department of
"North Carolina Sickle Cell Syndrome Program, NC Department of Public Health ",Department of Public
The North Carolina State Improvement Project (NC SIP ). NC SIP is a program in the Exceptional Children Division of the North Carolina Department of Public Instruction (NC DPI). ,The North Carolina
The North Carolina State Improvement Project (NC SIP ). NC SIP is a program in the Exceptional Children Division of the North Carolina Department of Public Instruction (NC DPI). ,North Carolina Department
The North Carolina State Improvement Project (NC SIP ). NC SIP is a program in the Exceptional Children Division of the North Carolina Department of Public Instruction (NC DPI). ,Carolina Department of
The North Carolina State Improvement Project (NC SIP ). NC SIP is a program in the Exceptional Children Division of the North Carolina Department of Public Instruction (NC DPI). ,Department of Public
"Tobacco Free Schools, NC Department of Health and Human Services ",NC Department of
North Carolina Department of State Treasurer ,North Carolina Department
North Carolina Department of State Treasurer ,Carolina Department of
NC Division of Water Resources ,NC Division of
NC Zoo is an agency of the North Carolina Department of Natural and Cultural Resources ,North Carolina Department
NC Zoo is an agency of the North Carolina Department of Natural and Cultural Resources ,Carolina Department of
Travel and Tourism Site for North Dakota ,Travel and Tourism
Travel and Tourism Site for North Dakota ,and Tourism Site
Travel and Tourism Site for North Dakota ,Tourism Site for
Travel and Tourism Site for New Mexico ,Travel and Tourism
Travel and Tourism Site for New Mexico ,and Tourism Site
Travel and Tourism Site for New Mexico ,Tourism Site for
"Nutrition Services Branch, Women's and Children's Health, NC Division of Public Health, NCDepartment of Health and Human Services  ",NC Division of
New York State Conference of Mayors and Municipal Officials (NYCOM) ,New York State
New York State Council on the Arts ,New York State
New York State eGovernment listing of state agencies ,New York State
New York State Fair ,New York State
New York State Homes and Community Renewal ,New York State
New York State Local Government IT Directors Association (NYSLGITDA) ,New York State
New York State Police Recruitment Center ,New York State
Office of the State Bank Commissioner of Kansas ,Office of the
Office of the Maryland State Prosecutor ,Office of the
"Queen Anne's Revenge, a project of the http://www.qaronline.org/ North Carolina Department of Cultural Resources to educate the next generation on colonial life ",North Carolina Department
"Queen Anne's Revenge, a project of the http://www.qaronline.org/ North Carolina Department of Cultural Resources to educate the next generation on colonial life ",Carolina Department of
"Ready NC, NC Department of Public Safety ",NC Department of
"Ready NC, NC Department of Public Safety ",Department of Public
The State Board of Refrigeration Examiners ,State Board of
Division of Vocational Rehabilitation - Florida Department of Education ,Department of Education
"Office of the President, Republic of the Marshall Islands ",Office of the
New Mexico Office of the State Auditor ,Office of the
"Florida State Board of Administration, created by the Florida Constitution and is governed by a three-member Board of Trustees (Trustees), comprised of the Governor as Chair, the Chief Financial Officer and the Attorney General. ",State Board of
"School Planning Section, North Carolina Department of Public Instruction ",North Carolina Department
"School Planning Section, North Carolina Department of Public Instruction ",Carolina Department of
"School Planning Section, North Carolina Department of Public Instruction ",Department of Public
South Carolina Department of Revenue ,Carolina Department of
"State Laboratory of Public Health, NC Division of Public Health ",NC Division of
"*state.ak.us pattern to include Alaska state agencies, such as those at: https://www.google.com/#q=site:state.ak.us  ","agencies, such as"
"*state.al.us pattern to include Alabama state agencies, such as those at: https://www.google.com/#q=site:state.al.us  ","agencies, such as"
"*state.az.us pattern to include Arizona state agencies, such as those at https://www.google.com/#q=site:state.az.us.  ","agencies, such as"
"*state.ca.us pattern to include California state agencies, such as those at: https://www.google.com/#q=site:state.ca.us  ","agencies, such as"
"*state.fl.us pattern to include Florida state agencies, such as those at: https://www.google.com/#q=site:state.fl.us   ","agencies, such as"
"State website is at http://www.maryland.gov. state.md.us pattern to include Maryland state agencies, such as those at https://www.google.com/#q=site:state.md.us. ","agencies, such as"
"http://www.state.nj.us/ and http://www.nj.gov both resolve to the same site. n*state.nj.us pattern to include New Jersey state agencies, such as those at: https://www.google.com/#q=site:state.nj.us  ","agencies, such as"
"*.state.wi.us pattern is included here for various Department-level agencies, such as those at: https://www.google.com/search?q=site%3Astate.wi.us  Requires 'www' to resolve. ","agencies, such as"
NC Division of Surplus Property ,NC Division of
Travel and Tourism Site for Alaska ,Travel and Tourism
Travel and Tourism Site for Alaska ,and Tourism Site
Travel and Tourism Site for Alaska ,Tourism Site for
Travel and Tourism Site for Iowa ,Travel and Tourism
Travel and Tourism Site for Iowa ,and Tourism Site
Travel and Tourism Site for Iowa ,Tourism Site for
Travel and Tourism Site for Kansas ,Travel and Tourism
Travel and Tourism Site for Kansas ,and Tourism Site
Travel and Tourism Site for Kansas ,Tourism Site for
Travel and Tourism Sites for Nevada ,Travel and Tourism
Travel and Tourism Sites for Nevada ,and Tourism Sites
Travel and Tourism Sites for Nevada ,Tourism Sites for
Travel and Tourism Sites for Oklahoma ,Travel and Tourism
Travel and Tourism Sites for Oklahoma ,and Tourism Sites
Travel and Tourism Sites for Oklahoma ,Tourism Sites for
"Travel and Tourism Site for Oregon, Oregon Tourism Commission ",Travel and Tourism
"Travel and Tourism Site for Oregon, Oregon Tourism Commission ",and Tourism Site
"Travel and Tourism Site for Oregon, Oregon Tourism Commission ",Tourism Site for
Travel and Tourism Sites for South Dakota ,Travel and Tourism
Travel and Tourism Sites for South Dakota ,and Tourism Sites
Travel and Tourism Sites for South Dakota ,Tourism Sites for
Travel and Tourism Sites for Texas ,Travel and Tourism
Travel and Tourism Sites for Texas ,and Tourism Sites
Travel and Tourism Sites for Texas ,Tourism Sites for
Travel and Tourism Sites for Wisconsin ,Travel and Tourism
Travel and Tourism Sites for Wisconsin ,and Tourism Sites
Travel and Tourism Sites for Wisconsin ,Tourism Sites for
Virginia Department of Fire Programs ,Virginia Department of
Travel and Tourism Site for Vermont ,Travel and Tourism
Travel and Tourism Site for Vermont ,and Tourism Site
Travel and Tourism Site for Vermont ,Tourism Site for
The Virginia Horse Industry Board is responsible for the promotion and economic development of the horse industry in Virginia and operates through the Virginia Department of Agriculture and Consumer Services. ,Virginia Department of
The Virginia Horse Industry Board is responsible for the promotion and economic development of the horse industry in Virginia and operates through the Virginia Department of Agriculture and Consumer Services. ,Department of Agriculture
Virgin Islands Department of Education ,Department of Education
Office of the Virgin Islands Inspector General ,Office of the
Travel and Tourism Sites for Virginia ,Travel and Tourism
Travel and Tourism Sites for Virginia ,and Tourism Sites
Travel and Tourism Sites for Virginia ,Tourism Sites for
Virginia Department of Transportation ,Virginia Department of
Travel and Tourism Site for California ,Travel and Tourism
Travel and Tourism Site for California ,and Tourism Site
Travel and Tourism Site for California ,Tourism Site for
Travel and Tourism Sites for Delaware ,Travel and Tourism
Travel and Tourism Sites for Delaware ,and Tourism Sites
Travel and Tourism Sites for Delaware ,Tourism Sites for
Travel and Tourism Site for Florida ,Travel and Tourism
Travel and Tourism Site for Florida ,and Tourism Site
Travel and Tourism Site for Florida ,Tourism Site for
Travel and Tourism Sites for Guam ,Travel and Tourism
Travel and Tourism Sites for Guam ,and Tourism Sites
Travel and Tourism Sites for Guam ,Tourism Sites for
Travel and Tourism Site for Idaho ,Travel and Tourism
Travel and Tourism Site for Idaho ,and Tourism Site
Travel and Tourism Site for Idaho ,Tourism Site for
Travel and Tourism Sites for Maine ,Travel and Tourism
Travel and Tourism Sites for Maine ,and Tourism Sites
Travel and Tourism Sites for Maine ,Tourism Sites for
Travel and Tourism Site for Maryland ,Travel and Tourism
Travel and Tourism Site for Maryland ,and Tourism Site
Travel and Tourism Site for Maryland ,Tourism Site for
Travel and Tourism Sites for Mississippi ,Travel and Tourism
Travel and Tourism Sites for Mississippi ,and Tourism Sites
Travel and Tourism Sites for Mississippi ,Tourism Sites for
Travel and Tourism Site for Missouri ,Travel and Tourism
Travel and Tourism Site for Missouri ,and Tourism Site
Travel and Tourism Site for Missouri ,Tourism Site for
Travel and Tourism Site for Montana ,Travel and Tourism
Travel and Tourism Site for Montana ,and Tourism Site
Travel and Tourism Site for Montana ,Tourism Site for
Travel and Tourism Site for North Carolina ,Travel and Tourism
Travel and Tourism Site for North Carolina ,and Tourism Site
Travel and Tourism Site for North Carolina ,Tourism Site for
Travel and Tourism Site for Nebraska ,Travel and Tourism
Travel and Tourism Site for Nebraska ,and Tourism Site
Travel and Tourism Site for Nebraska ,Tourism Site for
Travel and Tourism Site for Pennsylvania ,Travel and Tourism
Travel and Tourism Site for Pennsylvania ,and Tourism Site
Travel and Tourism Site for Pennsylvania ,Tourism Site for
Travel and Tourism Site for Rhode Island ,Travel and Tourism
Travel and Tourism Site for Rhode Island ,and Tourism Site
Travel and Tourism Site for Rhode Island ,Tourism Site for
Travel and Tourism Site for Utah ,Travel and Tourism
Travel and Tourism Site for Utah ,and Tourism Site
Travel and Tourism Site for Utah ,Tourism Site for
Travel and Tourism Site for the District of Columbia ,Travel and Tourism
Travel and Tourism Site for the District of Columbia ,and Tourism Site
Travel and Tourism Site for the District of Columbia ,Tourism Site for
"The Way We Lived in North Carolina, presented by http://www.ah.dcr.state.nc.us/ The North Carolina Office of Archives & History. ",The North Carolina
"Women's Health Branch, NC Division of Public Health ",NC Division of
West Virginia Department of Agriculture ,Virginia Department of
West Virginia Department of Agriculture ,Department of Agriculture
West Virginia Department of Commerce ,Virginia Department of
West Virginia Department of Health and Human Resources ,Virginia Department of
"West Virginia Department of Commerce, Division of Labor ",Virginia Department of
Travel and Tourism Site for West Virginia ,Travel and Tourism
Travel and Tourism Site for West Virginia ,and Tourism Site
Travel and Tourism Site for West Virginia ,Tourism Site for
Travel and Tourism Site for Wyoming ,Travel and Tourism
Travel and Tourism Site for Wyoming ,and Tourism Site
Travel and Tourism Site for Wyoming ,Tourism Site for
